{"cameraMode":{"drawMode":0,"name":"Shaded","section":"Shading Mode"},"sceneLighting":false,"audioPlay":false,"sceneViewState":{"m_AlwaysRefresh":false,"showFog":true,"showSkybox":false,"showFlares":true,"showImageEffects":true,"showParticleSystems":true,"showVisualEffectGraphs":true,"m_FxEnabled":true},"in2DMode":false,"pivot":{"x":0.7665714025497437,"y":3.0757744312286379,"z":1.2952308654785157},"rotation":{"x":0.044201698154211047,"y":-0.6871614456176758,"z":0.11245136708021164,"w":-0.7163955569267273},"size":4.502935886383057,"orthographic":true}